{
  "calc_job": "band",
  "which_k": 0,
  "fermi_level": -3.82373,
  "lowest_band": -1.5,
  "max_iter": 300,
  "num_band": 50,
  "k_data": ["15 0 0 0 0.5 0.5 0 Γ M", "15 0.5 0.5 0 0.3333333333333333 0.6666666666666667 0 M K", "15 0.3333333333333333 0.6666666666666667 0 0 0 0 K Γ"]
}